{
  "$schema": "https://json-schema.org/draft/2020-12/schema",
  "$id": "https://schemas.example.org/profiles/ev-charging/charging_service/v1/profile.json",
  "title": "EV Charging — Charging Service Attribute Pack (v1)",
  "type": "object",
  "properties": {
    "ChargingServiceAttributes": { "$ref": "./attributes.yaml#/components/schemas/ChargingServiceAttributes" },
    "ChargingProviderAttributes": { "$ref": "./attributes.yaml#/components/schemas/ChargingProviderAttributes" }
  },
  "required": ["ChargingServiceAttributes"]
}