{
  "cards": {
    "ChargingServiceAttributes": {
      "title": "name",
      "subtitle": "category",
      "chips": ["connectorType", "maxPowerKW", "socketCount", "tariffModel"],
      "map": "serviceLocation.geo",
      "badges": ["paymentAccepted", "openingHours"]
    },
    "ChargingProviderAttributes": {
      "title": "operatorName",
      "subtitle": "operatorCode",
      "fields": ["identifier", "supportEmail", "supportPhone", "sameAs"]
    }
  },
  "filters": {
    "ChargingServiceAttributes": ["connectorType", "category", "tariffModel", "paymentAccepted", "roamingNetwork", "parkingType", "maxPowerKW"]
  }
}