{
  "$schema": "https://json-schema.org/draft/2020-12/schema",
  "title": "Legacy EV Attributes",
  "type": "object",
  "properties": {
    "providerName": { "type": "string" },
    "providerCode": { "type": "string" },
    "providerId": { "type": "string" },
    "providerUrl": { "type": "string", "format": "uri" },
    "supportEmail": { "type": "string", "format": "email" },
    "supportPhone": { "type": "string" },

    "category": { "type": "string" },
    "connector": { "type": "string" },
    "powerKW": { "type": "number" },
    "minPowerKW": { "type": "number" },
    "sockets": { "type": "integer" },
    "reservable": { "type": "boolean" },
    "payments": { "type": "array", "items": { "type": "string" } },
    "hours": { "type": "string" },
    "lat": { "type": "number" },
    "lon": { "type": "number" },
    "address": { "type": "string" },
    "amenities": { "type": "array", "items": { "type": "string" } },
    "imageUrl": { "type": "string", "format": "uri" },
    "url": { "type": "string", "format": "uri" },
    "ocppId": { "type": "string" },
    "evseId": { "type": "string" },
    "tariffModel": { "type": "string" },
    "units": { "type": "array", "items": { "type": "string" } },
    "roaming": { "type": "string" },
    "parking": { "type": "string" }
  }
}