{
  "@context": "./context.jsonld",
  "@type": "ChargingServiceAttributes",
  "serviceType": "EVCharging",
  "category": "DC_Fast",
  "connectorType": "CCS2",
  "maxPowerKW": 60,
  "socketCount": 2,
  "reservationSupported": true,
  "paymentAccepted": ["UPI", "Card", "Wallet"],
  "openingHours": "24x7",
  "serviceLocation": {
    "geo": { "latitude": 16.704, "longitude": 74.243 },
    "address": "Shell Kolhapur, NH48 Service Rd, Kolhapur, MH"
  },
  "amenityFeature": ["Cafe", "Restroom", "Wi-Fi"],
  "image": "https://img.example.org/shell-kolhapur.jpg",
  "url": "https://cpo.example.org/site/shell-kolhapur",
  "ocppId": "IN-SHELL-KOL-12",
  "evseId": "IN*SHL*12*CCS2*A",
  "tariffModel": "PER_KWH",
  "supportedUnits": ["kWh"],
  "roamingNetwork": "GreenRoam",
  "parkingType": "FuelStation"
}