{
  "@context": "./context.jsonld",
  "@type": "ChargingProviderAttributes",
  "operatorName": "Shell Recharge India",
  "operatorCode": "SHL",
  "identifier": "LEI:5493001KJTIIGC8Y1R12",
  "sameAs": "https://www.shellrecharge.com/in",
  "supportEmail": "support@shellrecharge.in",
  "supportPhone": "+91-80-1234-5678",
  "gstNumber": "29ABCDE1234F2Z5",
  "cin": "U40100MH2010PLC123456",
  "msme": "Udyam-MH-12-000123",
  "operatorContact": {
    "availability": "24x7",
    "languages": ["en", "hi"]
  }
}